{
    "timestamp": "20241024_170125",
    "training_accuracy": 0.8304166666666667,
    "model_path": "models/model_20241024_170125.joblib",
    "top_features": {
        "PAY_0": 0.22547163490143327,
        "PAY_2": 0.10719298969013777,
        "PAY_3": 0.07897671989170016,
        "PAY_4": 0.0520237564342462,
        "LIMIT_BAL": 0.04516811411857301
    }
}