{
    "timestamp": "20241024_165933",
    "training_accuracy": 0.8308333333333333,
    "model_path": "models/model_20241024_165933.joblib",
    "top_features": {
        "PAY_0": 0.23741322281537552,
        "PAY_2": 0.10623829316434064,
        "PAY_3": 0.06837258339816309,
        "PAY_4": 0.05020663482848778,
        "LIMIT_BAL": 0.04446452488772143
    }
}